tamanio,NP,gflops,total,comm,force,speedup,efficiency
8192,1,5.707,1.7172E+02,6.1934E-03,1.3006E+04,1.0,1.0
8192,2,11.419,8.5812E+01,1.2113E-01,6.4831E+03,2.0011187246538946,1.0005593623269473
8192,4,22.726,4.3114E+01,9.7010E-02,3.2441E+03,3.9829289789859446,0.9957322447464861
8192,8,44.882,2.1826E+01,1.7537E-01,1.6249E+03,7.867680747732062,0.9834600934665078
8192,16,84.805,1.1546E+01,2.2767E-01,8.3789E+02,14.87268318032219,0.9295426987701368
8192,32,120.228,8.1428E+00,2.2876E+00,4.2218E+02,21.088569042589775,0.6590177825809305
8192,64,36.411,2.6906E+01,2.4091E+01,1.9759E+02,6.382219579275998,0.09972218092618747
